{"weight": [[[[0.0663381814956665, -0.28986090421676636, 0.030664175748825073], [-0.2085351198911667, -0.31065139174461365, 0.2961641848087311], [0.2534532845020294, -0.3325093388557434, 0.062390685081481934]]]], "bias": [-0.056153327226638794]}