{"weight": [[[[-0.0024956166744232178, 0.17881456017494202, -0.2743483781814575], [-0.24531301856040955, -0.1283847987651825, 0.08938577771186829], [-0.006604403257369995, 0.2642965018749237, -0.029581338167190552]]]], "bias": [0.08820417523384094]}